Item,Qty,Unit (USD),Total (USD),Where to buy,URL
Hiwonder xArm1S 6DOF arm (unassembled),1,199.99,199.99,Amazon,https://www.amazon.com/Programming-Powerful-Intelligent-Featuring-Unassembled/dp/B08FT31C5N
MC200 mecanum chassis + 4 encoder motors,1,73.99,73.99,Amazon,https://www.amazon.com/dp/B09KL37P43
Raspberry Pi Camera Module 3,2,36.00,72.00,Amazon,https://www.amazon.com/Arducam-Raspberry-Camera-Autofocus-15-22pin/dp/B0C9PYCV9S/ref=sr_1_1?crid=MGEMJT69W0FW&dib=eyJ2IjoiMSJ9.zKuk4RW7rTx7b_B1GMH1yj8JSkDrvXwufn-ymNmRUK7ERS5wAAYfw2iaZpn63NfEg-kxJyXUwkXa2NznekeqlayszIL6nziVWRdwivbOoBL1Kl5ISj7FUEHfmGV7b5NXvvM1jm1apluf0ya3GW4q_6CUXNaRl6wiX_kVWkUNiG3J9LWxiCLG3m89WAZPFobQbjGJzcPWYV2nBVxLKNqCBuy-IUX4WdhSQgtELPM1pDw.siK20-FfLM4rvbG0hJjIU7sngXwufRc1LRZP_Q2pzQs&dib_tag=se&keywords=Raspberry+Pi+Camera+Module+3&qid=1790535929&sprefix=mc200+mecanum+chassis+%2B+4+encoder+motors%2Caps%2C193&sr=8-1
Buck converter 7.5V 6A - arm rail,1,17.49,17.49,Amazon,https://www.amazon.com/s?k=DC-DC+buck+converter+7.5V+6A+adjustable
ReSpeaker 2-Mics Pi HAT,1,13.99,13.99,Seed Studio,https://www.seeedstudio.com/ReSpeaker-2-Mics-Pi-HAT.html
LiPo balance charger (3S),1,16.99,16.99,Amazon,https://www.amazon.com/SSUPCHG-Battery-Charger-Balance-Chargers/dp/B0FPDJ5Q57/ref=sr_1_1_sspa?crid=34C2IGSDDHBMM&dib=eyJ2IjoiMSJ9.Mha3zf789rw35m-1YB-SX1iywr8JSLVr7cpMQdO-lAgnNK4eEuN-gr6wnrnkN9xDOY7i3IOLgGO2bPLnCV0tG668XZq7A3M5CXKwXfyGs9y9-VEkqHIzPkxO2s39UCiNBBTltxmhdnnd4Ixdlh8U460v56_U9blALOLsAGUiPtbw9uK77LUbN9HH-72ffb7QzRk7B2CbwupK1eeazl71HWsNrfxb2ZcYFdLCxwHNSA9Fzkzj3QTEsT0Ws-iMPK7sHX2wK5J6GqyJKzIZksyYWXcXMxadBKbU4HooxdOcuOs.N0Sb0EFf9r0Hps6DbDlVfmPz8eIOhnGDPsbz6j5Hiv8&dib_tag=se&keywords=LiPo+balance+charger+%283S%29&qid=1790540147&s=electronics&sprefix=lipo+balance+charger+3s+%2Celectronics%2C188&sr=1-1-spons&sp_csd=d2lkZ2V0TmFtZT1zcF9hdGY&psc=1
Buck converter 5V 5A (UBEC),1,11.99,11.99,Amazon,https://www.amazon.com/EC-Buying-Mini560-Adjustable-Electronics/dp/B0GW8JMN9J/ref=sr_1_1_sspa?crid=DL7V6K54V5VO&dib=eyJ2IjoiMSJ9.A731vg06K9T7enF1cyeWeDwHEXBSxiLJGx_bTRnWFIWSKRGEaSlJil9YSLMBBDZiT2RASLP2Mq11H_BhjOHlfDIZHIORy_NFx8c_j6BxypnORxiYJP_K34vMEV28ii2_2QrNRjeb54OUOp_mJ2cRIvlcxAj2sCYLrs5aVxvl4PmUM9VzJ3hMjp-gsTiU6qJjM2wZIzBo_vbPQqvKpZUNel0x5QJsJEdD_ve-m3JOnf8HqBM1mmqdsMf0uQLz2M-TZkvTwCoeQzey7xUy8Y461EYTx5tYgxgtGfZvaBljE-c.MY6I6iKwkun75-FAzLolYYTGo5FBXZEuWySTJQC8o0A&dib_tag=se&keywords=Buck+converter+5V+5A+%28UBEC%29&qid=1790540214&s=electronics&sprefix=buck+converter+5v+5a+ubec+%2Celectronics%2C146&sr=1-1-spons&sp_csd=d2lkZ2V0TmFtZT1zcF9hdGY&psc=1
XT60 connectors + power wiring,1,8.99,8.99,Amazon,https://www.amazon.com/Pairs-Female-Connector-Silicon-Battery/dp/B07QH249CR/ref=sr_1_2_sspa?crid=DRSD2C2P2KS7&dib=eyJ2IjoiMSJ9.FcRItEIksuJnn0_owBP5rpA22yqNIMqP9tv4fKTzO91U1yL4Sll3YryGHy4Bs7PrAoK1lUIKNoEDF8LlRCJELS-4T1NRO7bOCUqJ57ELyZ17WusfAfAsfFnQKDTOypPAYa5l5ZxHqSeC4b2tN17vtzahE2neRs2KSRNa5NVEy9ly7BOzqFtnSo8Z2NOaObsunViCHh60f8aRaLa1qeUKe6hx3Lpvz1bCcb7zHZwn9QhWtxSsVBGa2y9Qvs006Ki2icADHb92HPqy25xlYeB_31O2pFSnZcWbgQnR64-w8O0.4wgXhqrLI2Yc8DvVncSNPXEPENA86tiMnjLhKBZpFiA&dib_tag=se&keywords=XT60+connectors+%2B+power+wiring&qid=1790540378&sprefix=xt60+connectors+%2B+power+wiring%2Caps%2C242&sr=8-2-spons&sp_csd=d2lkZ2V0TmFtZT1zcF9hdGY&psc=1
Inline fuse holder + master switch,1,8.99,8.99,Amazon,https://www.amazon.com/Gebildet-12V-220V-Button-Switch-Driving/dp/B0FJXTXZ43/ref=sr_1_3?dib=eyJ2IjoiMSJ9.tzq4DM71KsFe8VU1fa0kbMRAnUEs63MtCCRHz7z_rAcwrqqpgmJMtbfgSim6zXd4DXNU5ibaQvI6BXnIpC7rmn3W3W0V4tRsZEyIhTWmFmu85J2mxF3iyDHJG86nveAPnGl7oK5GTuvNSWoqRm7W-tYOBqW-eeHfO0x_YQWF5p_y_tvDYQaQp5qIgkdOuyynBSL-5smaSGlA3XFuX6Vr51CvlaObEKg4mNcw6H2JlbU.FEyksZrmmNrybCtXj03TWk9QQG_swWGfe4f1gVXEnAw&dib_tag=se&keywords=inline%2Bfuse%2Bholder%2Brocker%2Bswitch%2B12v&qid=1790540457&sr=8-3&th=1
LiPo battery 3S 11.1V (XT60),1,32.99,32.99,Amazon,https://www.amazon.com/OVONIC-Connector-Airplane-Helicopter-Quadcopter/dp/B0D8SFBHV6/ref=sr_1_2_sspa?crid=IDFJ7WIR3I9E&dib=eyJ2IjoiMSJ9.4mH04aqfmqWGpSX-2C7QVUecBfqW8WWWw8P7HniE_u0uhrmbQW5nFUxpmKiTVgxr16mXGjA2qHBAvQtP4-e8PHE4vFFQU2e81qOOx486yhxlIXlQ-MSGKUgVLKmpeuwx3gnVjOJRs_TkxmieF2m_wyRXyITP1IYTXRnNL9goSJsHT-PxuNnNl8_i52RDrVezJ-nSpP7ClnAecSFWo_rm9hWQImx7wlL2fU_v9f-ZR1yxo3hbiV-joNMKWsx5ay5kyq5oEv2g350Mv12goDNOODD8gxnzzT-Dc1r0uJMpcjg.hGJ4Qt2gZro0Xmwz87RLh3WTYoIa1dXSuOVApMknhpY&dib_tag=se&keywords=LiPo+battery+3S+11.1V+%28XT60%29&qid=1790540540&sprefix=inline+fuse+holder+rocker+switch+12v%2Caps%2C261&sr=8-2-spons&sp_csd=d2lkZ2V0TmFtZT1zcF9hdGY&psc=1
ESP32 dev board - motor controller,1,18.99,18.99,Amazon,https://www.amazon.com/YEJMKJ-Development-ESP-WROOM-32-Microcontroller-Integrated/dp/B0CNGPQX2V/ref=sr_1_1_sspa?crid=1DJ1W1EDEKE60&dib=eyJ2IjoiMSJ9.BsemSyg3aSDcoCtEILb-2qdtpb5xm7gBAmnH2uN0wwdv0wKQcyzgod6Vdv839iQ_Uc5McaYrclPHlm55p_kphkxN6FJmCPnU2JQAPoOrOjJN2lAH2dijRAJ-HuAh3qMgW153zhCNOu12xMLSUBvjnNUTIWRTbFy5XA9kk3ADDNe2eejuqQftFj_itaHpMJ1U0MYkj425FxGffw4esyfQtI2Yr7xzCfrmVDWa4iVMD0M.VRwIFKQTRHpg2gNWEMh0dbww70g4yBeUSIF0SRoJwPI&dib_tag=se&keywords=ESP32+dev+board+-+motor+controller&qid=1790540597&sprefix=esp32+dev+board+-+motor+controller%2Caps%2C225&sr=8-1-spons&sp_csd=d2lkZ2V0TmFtZT1zcF9hdGY&psc=1
L298N dual H-bridge motor driver,2,9.99,19.98,Amazon,https://www.amazon.com/BOJACK-H-Bridge-Controller-Intelligent-Mega2560/dp/B0C5JCF5RS/ref=sr_1_1_sspa?crid=CICTJTWAD1NM&dib=eyJ2IjoiMSJ9.hK2FjV8Ukp8CCyVTI1seMk4n3aguoO_lNXX3xoiH-O2PZaAsKZqu7AQHMUDw1vikYz9xe5mLOAJ7_8Y_bm7w45JEw7E0GcyIZXAL0QE4yrLG43nqu6JHDB9mPB9BbUbxhgnDSrbWeDUOYCn9H0Zof23x7AWRyuHiahGXZtT08C_TxkCtgv5V5-Ot4KnEy6HPnyGVuIDIMsxyD7f9yHmJYoSMfmB-F9zMd_Lo9ND662s.rmfJOSIJCIN8pvEUpxm3pAHXUffJb0KY2PFO1ZIDIOA&dib_tag=se&keywords=L298N+dual+H-bridge+motor+driver&qid=1790540698&sprefix=l298n+dual+h-bridge+motor+driver%2Caps%2C224&sr=8-1-spons&sp_csd=d2lkZ2V0TmFtZT1zcF9hdGY&psc=1
microSD card,1,33.06,33.06,Amazon,https://www.amazon.com/SanDisk-Extreme-microSDXC-Memory-Adapter/dp/B09X7C7LL1/ref=sr_1_4?crid=2WZEZEFYFAO03&dib=eyJ2IjoiMSJ9.h1R6SfwpTpAT421eU83z6Q0guTHAgzwCqzaCeEejeFKF0r7qEAs8Tztt-gfTPYYiYt0W3CEiv4QCpZux_pTE5KxQe6qFkUmbNwAyp4dC_dF-gGCyRwWJN1qmNv0SSNvSn55WAa2zP_otq8FFqSb9XlMkrstdVy2TQh0RufjeaXZMCmR_htRIyxaaTatTafXNEmUqqnwC06CmLM8dV8TEIiEzTlGuAtrBw1RTYcAYoMo.hEj4Ezk5K4Zs4QjPHJB04tPK2Azrz5tTNQtHm3sNMjY&dib_tag=se&keywords=microSD%2Bcard%2B32GB%2B%2B(A2%2Brated)%2Bsandisk&qid=1790540994&sprefix=microsd%2Bcard%2B32gb%2B%2Ba2%2Brated%2Bsandisk%2Caps%2C155&sr=8-4&th=1
Pi 5 camera adapter cable,1,9.99,9.99,Amazon,https://www.amazon.com/Wonrabai-2PCS-Official-Flexible-Compatible-Raspberry/dp/B0GJ5CJWDF/ref=sr_1_6?crid=109C9BT3HNX9O&dib=eyJ2IjoiMSJ9._e8i36UhCtVL9pD3_SpamNmaoI9yhK6u5HHVOG_DcF6nxSQUV0ONFuzFol38qRIFu-wiVRoaVWJfHd2try9yoCCmO43nxDmc8n6l_JeP9aNanv14sIXLEJV30lKSqJe7aMD-TExs8elK3CDwMQVYlAEZvunpqjlNKuFd8QJw499ulJCNq7yYnpMyBcbO4a1_7T0EwzebeDyGszukl4ozW8E06GGF8cZ8BGnxhN7zcq4.HXysXb0zmYCbFDyQ6fr5CflC6jwQVTJYRcreQJ0oJIs&dib_tag=se&keywords=Pi%2B5%2Bcamera%2Badapter%2Bcable%2B(22-pin%2B%E2%86%92%2B15-pin)&nsdOptOutParam=true&qid=1790541100&sprefix=pi%2B5%2Bcamera%2Badapter%2Bcable%2B22-pin%2B15-pin%2B%2Caps%2C191&sr=8-6&th=1
MAX98357A I2S amplifier,1,6.88,6.88,Amazon,https://www.amazon.com/MAX98357-MAX98357A-Amplifier-Interface-Raspberry/dp/B0DPJRLMDJ/ref=sr_1_3?crid=2H2XB7XTCGNFQ&dib=eyJ2IjoiMSJ9.zjW8yFEtFGlN4TTzWgvAO2uUcjYiqqSDB3zjcoRZJMrr52mp4wD1k5FsZwTtjn9JTB3gHyHHCm8djdBQ8q0-f_815Ny8Ulo80RveApd7K5wPzoF5Wv5o7n_GOlN0i2QiZejIYoocMBHXAaPBn4KAxnsFbLSQ9bMV6HMYCIhZhqZyoelNyBXntYqahQw79evVedZglbvDlHNgogJXqCZxhFCceR5P2WMDv8PYkmcbNtc.0TBjpUg0TUfs49MXc5BcsZs4t-ECYIQYa9O9hIYcWpc&dib_tag=se&keywords=MAX98357A+I2S+amplifier&qid=1790541240&sprefix=max98357a+i2s+amplifier%2Caps%2C215&sr=8-3
Speaker 3in 8Ω 1W,1,5.58,5.58,Amazon,https://www.amazon.com/Micro-Internal-speaker-Small-Speakers/dp/B0H3PPB2HN/ref=sr_1_2?crid=3IGDXNR4NX47F&dib=eyJ2IjoiMSJ9.T2_ozAgUtm7bQtg9--gbVdZViTsu_KfKaPo2O6VnfVsHO_4mtqVPxQMEVXT0RlAbN-w5KAGak0lphJGCjZAjdPNskzUnC3Fg5Yn7YtKe3nspMuJFgVPMkCBBUZFT3-he5Hk7-o23bonkpJ9NkEKpbZiTCWJ2Z83HEFbY0ja48btTYR8RpC_s6JoCE2bSWkqYSVXq3fSvatDbv2lfj_mojIQq_4snx9aZDotxhUflWL4.plKqrHm1yVjcMa4gJZixE-EMp5mQaaCgS4bvKxTFh7o&dib_tag=se&keywords=Speaker+3in+8%CE%A9+1W&qid=1790541344&sprefix=speaker+3in+8%CF%89+1w%2Caps%2C179&sr=8-2
Micro-USB data cable (ESP32),1,6.59,6.59,Amazon,https://www.amazon.com/DIYmall-Micro-USB-Charging-Transfer-Android-Phone/dp/B0C89Q81FW/ref=sr_1_1?crid=2XOEIZOHIIYYQ&dib=eyJ2IjoiMSJ9.bfGaK4eS-1TAGgSpgZLXugZssVnVpmWLtlnLQ1R-7m1N49_QAlFCExJ7SZv9RBxCo3I3mweJSC-w2EYXJAewuORvmvEGq9eYOqOIX67uf0oMJy4C3tFwPurzB3RUNRX-FCgeQfYPdM3XO4VXsoW3mhwNTsp-JTKAyvG4inqdzU2d4DUdADHrlK_9VVx2IfrU-cdUpTfcq8zzZZYVyZ5BjgTQn63u1ing327_MEK2eOc.7z3PbCIB-rmv5fHWP-nlq95VHjMr5ujzVDXZbv_6Geg&dib_tag=se&keywords=Micro-USB%2Bdata%2Bcable%2B(ESP32)&qid=1790541478&sprefix=micro-usb%2Bdata%2Bcable%2Besp32%2B%2Caps%2C173&sr=8-1&th=1
LiPo charging safety bag,1,11.99,11.99,Amazon,https://www.amazon.com/HOOVO-Battery-Fireproof-Explosionproof-Protector/dp/B0B4SGTRDC/ref=sr_1_3_sspa?crid=UMQDQ3D6EUHU&dib=eyJ2IjoiMSJ9.YJGg8vkQ4w7m3_2nV3cjOHISdJEeHzb8OD2fkkJgWgGzyRvNKk_XUuP6J6CoothIow3qPWoWpH24j9afctzJpLRXEZ8R40AL_Yy0w3RZW8KQL8OHa-Q9ld44POSAA8qRax1-_04pRCPn3VQ_sM0aUccbY5wyg6uji3-pZ8yN-X-jqUi8mn30LB3GBiXl4Hnnd8pkyOtQgyUkwT74KmxG-wiUI-MlsbmMSg90vEfccWrYOAY05S2fUAx6deFj6R-WTUw5pT0ye5TuRUC6WnDKNPuB3TUSu13Cq7sL0tzA_tA.5Szks9cBWMQam9MPw-jY-ujedTYP-BkAeG2Tl3B63P4&dib_tag=se&keywords=LiPo+charging+safety+bag&qid=1790541658&sprefix=lipo+charging+safety+bag%2Caps%2C199&sr=8-3-spons&sp_csd=d2lkZ2V0TmFtZT1zcF9hdGY&psc=1
"Dupont jumper wire kit (M-M, M-F, F-F)",1,8.99,8.99,Amazon,https://www.amazon.com/Solderless-Multicolor-Electronic-Breadboard-Protoboard/dp/B09FNXKXDW/ref=sr_1_17_sspa?crid=4EZYJYBVB5Z7&dib=eyJ2IjoiMSJ9.QGbaFF62mgZ1Tf0J7CajkCFc9eOXJ0oqCxbAVVNy-jTKtPA7HCVKh_JAHaO1py_lbzsQX3_lJM2sbdrNCN0IQ1VkdXnXsV97k_AVMmhAHgjeG5P12cvd4-CQB8XkNEXjP4kTI-KzhaIOIErTgWC-EHIrIc7S9nVnSdTJ0Nc_Kq2rgVs8ftPY0ZDjayAFm1LyYNKki79uGuiQXQ3N227ghFSWe1FNZnDJebWZNVghaMg.sxJzpRkPJ18ewUccxKpWvb9WEwhEYckFHoV6pCfsy4s&dib_tag=se&keywords=Dupont%2Bjumper%2Bwire%2Bkit%2B(M-M%2C%2BM-F%2C%2BF-F)&qid=1790541890&sprefix=dupont%2Bjumper%2Bwire%2Bkit%2Bm-m%2C%2Bm-f%2C%2Bf-f%2B%2Caps%2C199&sr=8-17-spons&sp_csd=d2lkZ2V0TmFtZT1zcF9tdGY&th=1
Zip Ties,1,8.97,8.97,Amazon,https://www.amazon.com/Zip-Tie-Mounts-SeuYeugX-Management/dp/B08XLR46Y7/ref=sr_1_1_sspa?crid=2JXFRNUP5JJ2S&dib=eyJ2IjoiMSJ9.NQDTBMcuCOL6fKXhKf87TtnR4Nf90YAMn5XdVIUEzXNu3nbjydxaDtGqeOgZayQYvErW5vkApWxp10XUWucUUOQIeQ8BrFWtvo6FrpnzN00bFnN1HWVQItYr98ITHFJpDcIB95ik-SCuo1r5R_7kiylPBhUopslCS3VnQLgG-TLL507d4qvc312yqe4X1reEbINfzWYYlsCBb3iZ6P18vJYKUBNG156v6uducCb0Z-s.rXbDujd62GORXy81sPh6X6woVEG6RMEtr4hBTMNS7YQ&dib_tag=se&keywords=Zip%2Bties%2B%2B%2Badhesive%2Bmounts&qid=1790542066&sprefix=zip%2Bties%2B%2B%2Badhesive%2Bmounts%2Caps%2C207&sr=8-1-spons&sp_csd=d2lkZ2V0TmFtZT1zcF9hdGY&th=1
Velcro Strips,1,4.89,4.89,Amazon,https://www.amazon.com/Art3d-Sticky-Double-Sided-Command-Adhesive/dp/B0B58FGF8H/ref=sr_1_1?crid=18S13XS3JIT9E&dib=eyJ2IjoiMSJ9.iX4B8mEQFYaqUoYXBUp79QT6e4viJsJnINzS0ln3OfCqWq1VmUbLMvruIq3SANVtAKPuG7dTMrTUVYp5Zf15_7BAP-Z58mdF6AoHWTG_a0P5xi355COemaf5vP-5NDtpKVyX5G3sSs7kU3YlakQ_dRCvJbTgElUhVkxCtOizQ51989FhoMCLYyhNcMG1TZdqV9288WALEaoo4VrL9hRArYjt-z6yDE5vYjzuWRoU8Fk.aUaI66BIZVqNNs61jDwKx60x7R9XHvTZr5kt_sUjUUw&dib_tag=se&keywords=Velcro%2Bstrips&qid=1790542125&sprefix=velcro%2Bstrips%2Caps%2C215&sr=8-1&th=1
Helping Hands,1,25.99,25.99,Amazon,https://www.amazon.com/Helping-Soldering-Workshop-Non-slip-Weighted/dp/B07MDKXNPC/ref=sr_1_1_sspa?crid=3U1D5RP1X8A7N&dib=eyJ2IjoiMSJ9.OU5xcMRR4O7vHhuKe7G1q2JczmxvtPg8f2qOBRfcwuqe48L-2ojuPoj_g49GUyVSNX8KHEaPfrU0FqM0wYO5J8dC_GfvNxBU2CYAT3CFeJ0p1VkQV_Eia61SNfxLD5QdYVdxtN5j60nlvenq_KBLq7UKvLMJvJNbRoHHMz_XMBWT-I9znTIqKUpZf7uwSVP65OfjQyO8QcLpPmV70_7DVKwAm3t4O1udK4I_A8NVbazcFQsKI6Mi7uTtuX43hdfzU-QjAKVFaTyFZhiN4k9nfj3MzpMepP3hOZfY4rB0phs.CX-5OYig-x-PVVKmKVXzyod4gUIg-G43S9EzoUl39XA&dib_tag=se&keywords=Helping%2Bhands%2B%2F%2BPCB%2Bvise&qid=1790542333&sprefix=digital%2Bcalipers%2Caps%2C252&sr=8-1-spons&sp_csd=d2lkZ2V0TmFtZT1zcF9hdGY&th=1
